report_month,price_range,listings,sales_prev_12mo,months_inventory,source_pdf,parsed_at
2024-01,"$125,000 - $249,999",6568.0,29820.0,2.6,data\pdfs\nc_housing_2024-01.pdf,2026-02-23 15:47:55
2024-01,$1M - $1.99M,2214.0,4832.0,5.5,data\pdfs\nc_housing_2024-01.pdf,2026-02-23 15:47:55
2024-01,"$250,000 - $374,999",13240.0,47287.0,3.4,data\pdfs\nc_housing_2024-01.pdf,2026-02-23 15:47:55
2024-01,$2M and up,793.0,895.0,10.7,data\pdfs\nc_housing_2024-01.pdf,2026-02-23 15:47:55
2024-01,"$375,000 - $499,999",9378.0,32149.0,3.5,data\pdfs\nc_housing_2024-01.pdf,2026-02-23 15:47:55
2024-01,"$500,000 - $624,999",4021.0,13460.0,3.6,data\pdfs\nc_housing_2024-01.pdf,2026-02-23 15:47:55
2024-01,"$625,000 - $749,999",2439.0,8402.0,3.5,data\pdfs\nc_housing_2024-01.pdf,2026-02-23 15:47:55
2024-01,"$750,000 - $874,999",1408.0,4301.0,3.9,data\pdfs\nc_housing_2024-01.pdf,2026-02-23 15:47:55
2024-01,"$875,000 - $999,999",1055.0,2644.0,4.8,data\pdfs\nc_housing_2024-01.pdf,2026-02-23 15:47:55
2024-01,"Below $125,000",1247.0,5734.0,2.6,data\pdfs\nc_housing_2024-01.pdf,2026-02-23 15:47:55
2024-02,"$125,000 - $249,999",6784.0,29329.0,2.8,data\pdfs\nc_housing_2024-02.pdf,2026-02-23 15:48:34
2024-02,$1M - $1.99M,2431.0,4897.0,6.0,data\pdfs\nc_housing_2024-02.pdf,2026-02-23 15:48:34
2024-02,"$250,000 - $374,999",12940.0,47415.0,3.3,data\pdfs\nc_housing_2024-02.pdf,2026-02-23 15:48:34
2024-02,$2M and up,824.0,916.0,10.8,data\pdfs\nc_housing_2024-02.pdf,2026-02-23 15:48:34
2024-02,"$375,000 - $499,999",9342.0,32131.0,3.5,data\pdfs\nc_housing_2024-02.pdf,2026-02-23 15:48:34
2024-02,"$500,000 - $624,999",4165.0,13465.0,3.7,data\pdfs\nc_housing_2024-02.pdf,2026-02-23 15:48:34
2024-02,"$625,000 - $749,999",2591.0,8464.0,3.7,data\pdfs\nc_housing_2024-02.pdf,2026-02-23 15:48:34
2024-02,"$750,000 - $874,999",1522.0,4293.0,4.3,data\pdfs\nc_housing_2024-02.pdf,2026-02-23 15:48:34
2024-02,"$875,000 - $999,999",1144.0,2689.0,5.1,data\pdfs\nc_housing_2024-02.pdf,2026-02-23 15:48:34
2024-02,"Below $125,000",1230.0,5580.0,2.6,data\pdfs\nc_housing_2024-02.pdf,2026-02-23 15:48:34
2024-03,"$125,000 - $249,999",7217.0,29019.0,3.0,data\pdfs\nc_housing_2024-03.pdf,2026-02-23 15:48:36
2024-03,$1M - $1.99M,2813.0,4949.0,6.8,data\pdfs\nc_housing_2024-03.pdf,2026-02-23 15:48:36
2024-03,"$250,000 - $374,999",14567.0,47956.0,3.6,data\pdfs\nc_housing_2024-03.pdf,2026-02-23 15:48:36
2024-03,$2M and up,977.0,953.0,12.4,data\pdfs\nc_housing_2024-03.pdf,2026-02-23 15:48:36
2024-03,"$375,000 - $499,999",10995.0,32369.0,4.1,data\pdfs\nc_housing_2024-03.pdf,2026-02-23 15:48:36
2024-03,"$500,000 - $624,999",4828.0,13598.0,4.3,data\pdfs\nc_housing_2024-03.pdf,2026-02-23 15:48:36
2024-03,"$625,000 - $749,999",2969.0,8525.0,4.2,data\pdfs\nc_housing_2024-03.pdf,2026-02-23 15:48:36
2024-03,"$750,000 - $874,999",1739.0,4361.0,4.8,data\pdfs\nc_housing_2024-03.pdf,2026-02-23 15:48:36
2024-03,"$875,000 - $999,999",1324.0,2737.0,5.8,data\pdfs\nc_housing_2024-03.pdf,2026-02-23 15:48:36
2024-03,"Below $125,000",1260.0,5463.0,2.8,data\pdfs\nc_housing_2024-03.pdf,2026-02-23 15:48:36
2025-11,"$125,000 - $249,999",8375.0,22679.0,4.4,data\pdfs\nc_housing_2025-11.pdf,2026-02-23 15:13:07
2025-11,$1M - $1.99M,3661.0,6363.0,6.9,data\pdfs\nc_housing_2025-11.pdf,2026-02-23 15:13:07
2025-11,"$250,000 - $374,999",18657.0,45804.0,4.9,data\pdfs\nc_housing_2025-11.pdf,2026-02-23 15:13:07
2025-11,$2M and up,1415.0,1281.0,13.3,data\pdfs\nc_housing_2025-11.pdf,2026-02-23 15:13:07
2025-11,"$375,000 - $499,999",13791.0,32342.0,5.1,data\pdfs\nc_housing_2025-11.pdf,2026-02-23 15:13:07
2025-11,"$500,000 - $624,999",6488.0,14583.0,5.3,data\pdfs\nc_housing_2025-11.pdf,2026-02-23 15:13:07
2025-11,"$625,000 - $749,999",4228.0,9042.0,5.6,data\pdfs\nc_housing_2025-11.pdf,2026-02-23 15:13:07
2025-11,"$750,000 - $874,999",2491.0,5193.0,5.8,data\pdfs\nc_housing_2025-11.pdf,2026-02-23 15:13:07
2025-11,"$875,000 - $999,999",1767.0,3327.0,6.4,data\pdfs\nc_housing_2025-11.pdf,2026-02-23 15:13:07
2025-11,"Below $125,000",1060.0,3333.0,3.8,data\pdfs\nc_housing_2025-11.pdf,2026-02-23 15:13:07
2025-12,"$125,000 - $249,999",7098.0,22422.0,3.8,data\pdfs\nc_housing_2025-12.pdf,2026-02-23 15:13:23
2025-12,$1M - $1.99M,2857.0,6376.0,5.4,data\pdfs\nc_housing_2025-12.pdf,2026-02-23 15:13:23
2025-12,"$250,000 - $374,999",16067.0,45654.0,4.2,data\pdfs\nc_housing_2025-12.pdf,2026-02-23 15:13:23
2025-12,$2M and up,1198.0,1313.0,11.0,data\pdfs\nc_housing_2025-12.pdf,2026-02-23 15:13:23
2025-12,"$375,000 - $499,999",11454.0,32219.0,4.3,data\pdfs\nc_housing_2025-12.pdf,2026-02-23 15:13:23
2025-12,"$500,000 - $624,999",5259.0,14594.0,4.3,data\pdfs\nc_housing_2025-12.pdf,2026-02-23 15:13:23
2025-12,"$625,000 - $749,999",3435.0,9091.0,4.5,data\pdfs\nc_housing_2025-12.pdf,2026-02-23 15:13:23
2025-12,"$750,000 - $874,999",1992.0,5234.0,4.6,data\pdfs\nc_housing_2025-12.pdf,2026-02-23 15:13:23
2025-12,"$875,000 - $999,999",1411.0,3339.0,5.1,data\pdfs\nc_housing_2025-12.pdf,2026-02-23 15:13:23
2025-12,"Below $125,000",905.0,3307.0,3.3,data\pdfs\nc_housing_2025-12.pdf,2026-02-23 15:13:23
